id,split,orig_w,orig_h,box,x0,x1,cy,D,touches_top,touches_bottom,MA_src_pixels,MA_px512,HE_src_pixels,HE_px512,EX_src_pixels,EX_px512,SE_src_pixels,SE_px512,OD_src_pixels,OD_px512
IDRiD_01,train,4288,2848,"[288, -298, 3720, 3134]",288,3719,1417.74,3432,True,True,6941,253,35430,1006,113286,3606,0,0,213851,4893
IDRiD_02,train,4288,2848,"[274, -284, 3686, 3128]",275,3686,1421.5091463414635,3412,True,True,9446,413,17356,580,135394,4498,0,0,203568,4708
IDRiD_03,train,4288,2848,"[272, -285, 3688, 3131]",272,3687,1423.0747663551401,3416,True,True,11288,524,162605,4807,301586,9800,3318,94,239059,5517
IDRiD_04,train,4288,2848,"[104, -476, 3903, 3323]",105,3903,1423.5,3799,True,True,804,29,59383,1287,5557,261,0,0,183591,3457
IDRiD_05,train,4288,2848,"[272, -288, 3688, 3128]",272,3687,1420.475155279503,3416,True,True,3994,145,9850,289,8286,337,0,0,216213,4996
IDRiD_06,train,4288,2848,"[284, -293, 3701, 3124]",284,3700,1415.0091743119267,3417,True,True,9923,403,25507,755,59053,2034,0,0,271648,6237
IDRiD_07,train,4288,2848,"[272, -284, 3688, 3132]",272,3687,1423.9882005899706,3416,True,True,12623,517,31951,949,167489,6033,0,0,205432,4750
IDRiD_08,train,4288,2848,"[284, -296, 3698, 3118]",284,3697,1411.5,3414,True,True,4188,177,37203,1054,20368,771,38340,983,205755,4762
IDRiD_09,train,4288,2848,"[284, -294, 3695, 3117]",285,3695,1411.0,3411,True,True,35141,1234,84849,2394,254276,7507,0,0,259259,6001
IDRiD_10,train,4288,2848,"[284, -297, 3695, 3114]",285,3695,1408.972972972973,3411,True,True,33484,1287,92658,2737,805250,22439,0,0,214988,4982
IDRiD_11,train,4288,2848,"[272, -286, 3683, 3125]",273,3683,1419.5,3411,True,True,21345,859,56797,1675,291123,10085,0,0,203119,4700
IDRiD_12,train,4288,2848,"[104, -477, 3905, 3324]",105,3905,1423.4569892473119,3801,True,True,3952,153,26843,607,6626,203,0,0,337365,6276
IDRiD_13,train,4288,2848,"[284, -293, 3695, 3118]",285,3695,1412.017910447761,3411,True,True,34267,1415,37412,1240,214397,6924,71243,1858,216047,5003
IDRiD_14,train,4288,2848,"[284, -296, 3696, 3116]",284,3695,1410.5,3412,True,True,25362,1062,62616,1903,165659,5965,10855,282,226387,5242
IDRiD_15,train,4288,2848,"[284, -296, 3696, 3116]",284,3695,1410.0178041543027,3412,True,True,2042,78,3215,101,42697,1374,0,0,280146,6457
IDRiD_16,train,4288,2848,"[282, -294, 3695, 3119]",283,3695,1412.5060975609756,3413,True,True,3872,154,18663,514,115804,3569,0,0,291732,6714
IDRiD_17,train,4288,2848,"[284, -295, 3695, 3116]",284,3694,1410.5267857142858,3411,True,True,14207,544,1821322,43687,201316,6630,48111,1283,202624,4688
IDRiD_18,train,4288,2848,"[284, -293, 3695, 3118]",285,3695,1412.9876923076922,3411,True,True,24706,994,89854,2744,106281,3877,40970,1046,229440,5305
IDRiD_19,train,4288,2848,"[284, -294, 3695, 3117]",284,3694,1411.5,3411,True,True,6092,264,62604,1891,17431,710,81903,2132,222880,5153
IDRiD_20,train,4288,2848,"[284, -296, 3696, 3116]",284,3695,1409.987460815047,3412,True,True,26027,1094,66672,2050,183732,6741,0,0,268686,6179
IDRiD_21,train,4288,2848,"[284, -296, 3696, 3116]",284,3695,1410.5,3412,True,True,21573,902,102308,3064,192428,6590,0,0,262202,6059
IDRiD_22,train,4288,2848,"[284, -296, 3697, 3117]",285,3697,1410.9538461538461,3413,True,True,10367,396,254991,6711,94020,3139,108091,2732,184811,4280
IDRiD_23,train,4288,2848,"[284, -296, 3695, 3115]",284,3694,1409.4939024390244,3411,True,True,4531,183,111482,2961,14812,650,59663,1529,225739,5240
IDRiD_24,train,4288,2848,"[284, -295, 3696, 3117]",284,3695,1411.0,3412,True,True,1354,52,27085,742,8245,301,0,0,210359,4845
IDRiD_25,train,4288,2848,"[272, -283, 3684, 3129]",272,3683,1423.009009009009,3412,True,True,23423,907,332458,8972,616742,18581,23030,610,193571,4487
IDRiD_26,train,4288,2848,"[284, -296, 3696, 3116]",284,3695,1410.4877300613498,3412,True,True,19627,767,104527,2905,2506,92,0,0,241553,5558
IDRiD_27,train,4288,2848,"[284, -294, 3696, 3118]",284,3695,1411.5,3412,True,True,25746,1097,65344,2006,69734,2851,0,0,199568,4625
IDRiD_28,train,4288,2848,"[284, -292, 3696, 3120]",284,3695,1413.5236686390533,3412,True,True,4805,218,32395,1056,4725,240,0,0,222601,5136
IDRiD_29,train,4288,2848,"[284, -294, 3696, 3118]",284,3695,1412.0,3412,True,True,4525,216,2149,81,2343,91,0,0,238406,5521
IDRiD_30,train,4288,2848,"[284, -296, 3695, 3115]",284,3694,1409.5,3411,True,True,7308,288,53438,1485,22501,820,14627,382,192456,4466
IDRiD_31,train,4288,2848,"[284, -294, 3697, 3119]",284,3696,1412.5093167701864,3413,True,True,8156,342,216935,5765,48998,1824,158077,3970,174243,4037
IDRiD_32,train,4288,2848,"[284, -294, 3695, 3117]",284,3694,1411.0,3411,True,True,6068,211,86486,2338,84975,2828,39910,1054,213932,4961
IDRiD_33,train,4288,2848,"[284, -296, 3694, 3114]",285,3694,1409.5,3410,True,True,36212,1467,330744,9410,58229,2886,5571,153,231467,5375
IDRiD_34,train,4288,2848,"[284, -292, 3695, 3119]",284,3694,1413.0185758513933,3411,True,True,12563,512,415359,10885,26720,988,0,0,186568,4317
IDRiD_35,train,4288,2848,"[284, -291, 3694, 3119]",284,3693,1414.0,3410,True,True,13997,550,368997,9501,19873,764,41300,1049,189183,4378
IDRiD_36,train,4288,2848,"[284, -294, 3696, 3118]",284,3695,1411.5188679245282,3412,True,True,9857,437,58339,1555,5893,292,0,0,219306,5073
IDRiD_37,train,4288,2848,"[284, -295, 3695, 3116]",284,3694,1410.5,3411,True,True,6464,280,50017,1349,25759,973,0,0,210717,4872
IDRiD_38,train,4288,2848,"[272, -281, 3686, 3133]",272,3685,1425.987987987988,3414,True,True,9359,390,14028,398,12551,590,18516,481,250001,5768
IDRiD_39,train,4288,2848,"[284, -296, 3695, 3115]",284,3694,1409.4689440993789,3411,True,True,38066,1522,250350,7073,18733,781,85288,2240,249331,5768
IDRiD_40,train,4288,2848,"[284, -293, 3695, 3118]",284,3694,1412.5548780487804,3411,True,True,6592,298,3642,116,7779,306,0,0,282209,6514
IDRiD_41,train,4288,2848,"[284, -294, 3696, 3118]",284,3695,1412.5,3412,True,True,5486,204,4266,144,8250,300,0,0,209842,4859
IDRiD_42,train,4288,2848,"[284, -293, 3695, 3118]",284,3694,1412.4789156626507,3411,True,True,2522,106,4404,145,25201,930,0,0,234967,5437
IDRiD_43,train,4288,2848,"[284, -294, 3696, 3118]",284,3695,1412.0151057401813,3412,True,True,914,40,0,0,61341,2072,0,0,221594,5122
IDRiD_44,train,4288,2848,"[282, -295, 3695, 3118]",283,3695,1411.5,3413,True,True,1932,87,5906,200,24798,1012,0,0,130198,3033
IDRiD_45,train,4288,2848,"[280, -298, 3693, 3115]",280,3692,1408.954407294833,3413,True,True,2548,114,13236,354,47341,1908,0,0,122675,2863
IDRiD_46,train,4288,2848,"[282, -298, 3696, 3116]",282,3695,1409.5,3414,True,True,11628,485,192856,5302,21191,895,100367,2502,164170,3803
IDRiD_47,train,4288,2848,"[272, -292, 3687, 3123]",273,3687,1415.5,3415,True,True,3986,156,68527,1770,38582,1391,33761,819,319170,7337
IDRiD_48,train,4288,2848,"[272, -284, 3688, 3132]",272,3687,1423.9967426710098,3416,True,True,22353,906,133197,3900,154434,5361,58746,1510,218943,5053
IDRiD_49,train,4288,2848,"[270, -286, 3682, 3126]",270,3681,1420.5,3412,True,True,16520,735,178309,4923,221897,7824,42441,1037,178717,4153
IDRiD_50,train,4288,2848,"[272, -289, 3687, 3126]",273,3687,1418.9744408945687,3415,True,True,5202,196,34176,956,120675,4235,36775,936,182334,4228
IDRiD_51,train,4288,2848,"[270, -284, 3682, 3128]",270,3681,1421.5,3412,True,True,14362,591,48296,1379,19228,764,78562,1989,223408,5176
IDRiD_52,train,4288,2848,"[270, -285, 3682, 3127]",270,3681,1421.0,3412,True,True,6671,271,3354,128,2974,130,9750,258,240681,5563
IDRiD_53,train,4288,2848,"[266, -285, 3687, 3136]",267,3687,1425.1388012618297,3421,True,True,26531,1161,91360,2815,10985,512,9022,230,192143,4417
IDRiD_54,train,4288,2848,"[270, -289, 3681, 3122]",270,3680,1416.9821958456973,3411,True,True,24011,931,38734,1214,9450,346,30804,877,197479,4561
IDRiD_55,test,4288,2848,"[272, -289, 3686, 3125]",272,3685,1418.440119760479,3414,True,True,10410,413,102377,2679,497671,15584,2832,85,184393,4271
IDRiD_56,test,4288,2848,"[272, -288, 3688, 3128]",272,3687,1420.5,3416,True,True,10726,377,204479,5279,13370,496,58393,1481,174870,4056
IDRiD_57,test,4288,2848,"[104, -477, 3906, 3325]",104,3905,1424.0,3802,True,True,2101,80,2795,89,43380,1504,0,0,231445,4320
IDRiD_58,test,4288,2848,"[272, -288, 3688, 3128]",272,3687,1419.55421686747,3416,True,True,7408,289,80671,2178,69235,2210,0,0,246576,5680
IDRiD_59,test,4288,2848,"[272, -290, 3688, 3126]",272,3687,1418.433962264151,3416,True,True,11551,447,72209,1990,89348,3055,175600,4239,250163,5775
IDRiD_60,test,4288,2848,"[272, -289, 3688, 3127]",272,3687,1418.9561128526645,3416,True,True,10137,407,39814,1189,52629,2164,79936,1978,271026,6246
IDRiD_61,test,4288,2848,"[272, -288, 3689, 3129]",272,3688,1420.530303030303,3417,True,True,18568,625,1186642,28331,32900,1200,17787,434,221949,5141
IDRiD_62,test,4288,2848,"[264, -287, 3691, 3140]",264,3690,1426.0123839009289,3427,True,True,3233,128,10829,289,44427,1504,0,0,167620,3864
IDRiD_63,test,4288,2848,"[272, -292, 3690, 3126]",272,3689,1416.5,3418,True,True,2173,75,12603,367,92542,2793,0,0,281077,6466
IDRiD_64,test,4288,2848,"[272, -284, 3688, 3132]",273,3688,1423.5123456790122,3416,True,True,12343,500,23818,706,68089,2610,40473,1000,282939,6510
IDRiD_65,test,4288,2848,"[104, -479, 3906, 3323]",104,3905,1421.9919137466306,3802,True,True,16973,633,42485,1078,70528,2109,0,0,235581,4394
IDRiD_66,test,4288,2848,"[272, -290, 3688, 3126]",272,3687,1417.9876160990711,3416,True,True,9144,414,24156,693,917148,25762,0,0,196717,4562
IDRiD_67,test,4288,2848,"[270, -290, 3687, 3127]",270,3686,1419.0,3417,True,True,13242,507,329922,8467,31950,1073,38602,996,208222,4808
IDRiD_68,test,4288,2848,"[268, -289, 3682, 3125]",269,3682,1418.0,3414,True,True,7450,260,296560,7765,18689,585,68865,1727,192203,4447
IDRiD_69,test,4288,2848,"[270, -285, 3683, 3128]",270,3682,1421.0275229357799,3413,True,True,10767,451,292747,7866,57400,1812,0,0,195739,4539
IDRiD_70,test,4288,2848,"[268, -292, 3687, 3127]",269,3687,1417.4817073170732,3419,True,True,8693,308,101922,2720,62285,1738,21717,528,221207,5093
IDRiD_71,test,4288,2848,"[270, -288, 3688, 3130]",270,3687,1420.9808306709265,3418,True,True,21182,824,50940,1478,282256,9441,18081,453,182258,4202
IDRiD_72,test,4288,2848,"[270, -288, 3683, 3125]",271,3683,1418.990990990991,3413,True,True,8355,359,8454,278,164636,5423,16079,401,168797,3926
IDRiD_73,test,4288,2848,"[272, -289, 3690, 3129]",272,3689,1419.9808306709265,3418,True,True,10305,411,25636,723,10821,411,31729,818,244291,5637
IDRiD_74,test,4288,2848,"[270, -291, 3687, 3126]",271,3687,1417.030959752322,3417,True,True,17343,764,101462,2984,26025,1135,11730,337,148371,3432
IDRiD_75,test,4288,2848,"[272, -285, 3685, 3128]",272,3684,1421.5,3413,True,True,25490,1080,144770,3934,20253,814,14068,372,153862,3577
IDRiD_76,test,4288,2848,"[270, -286, 3682, 3126]",270,3681,1420.5,3412,True,True,25151,976,81162,2335,71267,2362,0,0,214117,4950
IDRiD_77,test,4288,2848,"[272, -287, 3688, 3129]",272,3687,1421.065830721003,3416,True,True,12850,569,37789,1168,99236,4095,0,0,203117,4690
IDRiD_78,test,4288,2848,"[272, -288, 3685, 3125]",272,3684,1418.5125,3413,True,True,14364,605,64753,1762,94566,3392,0,0,231959,5361
IDRiD_79,test,4288,2848,"[270, -285, 3682, 3127]",270,3681,1421.0,3412,True,True,20921,863,114139,3224,327387,10881,0,0,192370,4466
IDRiD_80,test,4288,2848,"[282, -296, 3694, 3116]",282,3693,1410.5,3412,True,True,689,31,17227,431,6964,277,0,0,194183,4497
IDRiD_81,test,4288,2848,"[272, -285, 3685, 3128]",272,3684,1421.55,3413,True,True,12327,514,46158,1277,312918,9368,0,0,213642,4933
