op_name,tensor_idx,num_elements,stddev,mean_error,max_abs_error,mean_squared_error,scale,zero_point,tensor_name,range,rmse/scale
MEAN,534,288.0,0.21422511,-0.021288058,3.0980737,0.054383926,0.018411562,-108,model/tf.math.reduce_mean_6/Mean,,12.666150481680768
MEAN,486,144.0,0.15172032,-0.010650964,1.7952416,0.027439497,0.013554315,-101,model/tf.math.reduce_mean_5/Mean,,12.221105652375716
MEAN,358,240.0,0.059030946,-0.004050152,0.8415255,0.013054302,0.027795788,-115,model/tf.math.reduce_mean_2/Mean,,4.11053014143326
MEAN,402,240.0,0.10374799,0.01394112,1.0179045,0.04471707,0.07140123,-123,model/tf.math.reduce_mean_3/Mean,,2.9616311992120488
MEAN,446,120.0,0.037457168,-0.0025333646,0.31759208,0.008849174,0.04000776,-119,model/tf.math.reduce_mean_4/Mean,,2.351295057964354
CONV_2D,406,64.0,0.013199811,-0.00065838237,0.075598896,0.0004810838,0.009642215,-128,model/tf.nn.relu_8/Relu;model/tf.math.add_25/Add;model/tf.nn.convolution_17/convolution;Const_80,,2.274749379868729
CONV_2D,362,64.0,0.006812401,-0.00047823653,0.029089395,0.00012816947,0.0076980726,-128,model/tf.nn.relu_7/Relu;model/tf.math.add_19/Add;model/tf.nn.convolution_13/convolution;Const_93,,1.4706532656289262
CONV_2D,538,72.0,0.019162219,-0.0015140478,0.13569155,0.0007862547,0.019772831,-128,model/tf.nn.relu_11/Relu;model/tf.math.add_42/Add;model/tf.nn.convolution_29/convolution;Const_40,,1.4181193170513355
CONV_2D,262,50176.0,0.3949806,-0.0074783503,29.708141,0.24286282,0.5174129,-16,model/tf.math.add_4/Add;model/tf.nn.convolution_3/convolution;Const_126,,0.9524523650186505
MEAN,318,96.0,0.019342266,-0.00068812026,0.07618565,0.0020042544,0.049703747,-121,model/tf.math.reduce_mean_1/Mean,,0.9007147875486199
MUL,502,28224.0,0.0038248317,0.0004161325,0.04210966,1.4831154e-05,0.0051713903,-57,model/tf.math.multiply_51/Mul,,0.7446979455616205
DEPTHWISE_CONV_2D,274,56448.0,0.07740268,0.00020024818,8.504323,0.009518807,0.14301653,-128,model/tf.nn.relu_3/Relu;model/tf.math.add_6/Add;model/tf.compat.v1.nn.depthwise_conv2d_1/depthwise;Const_121,,0.6821894897093528
CONV_2D,490,40.0,0.002844778,-0.00023303388,0.009788047,9.937616e-06,0.004654237,-128,model/tf.nn.relu_10/Relu;model/tf.math.add_36/Add;model/tf.nn.convolution_25/convolution;Const_54,,0.6773179904617491
MEAN,574,576.0,0.009277465,0.00022293821,0.09647788,0.00019773321,0.020897493,-110,model/tf.math.reduce_mean_7/Mean,,0.6728923949910642
CONV_2D,246,8.0,0.0037505552,-0.0009065321,0.008067772,1.6942684e-05,0.01036874,-128,model/tf.nn.relu_1/Relu;model/tf.math.add_2/Add;model/tf.nn.convolution_1/convolution;Const_133,,0.3969767947939845
CONV_2D,278,18816.0,0.13979314,-0.009691184,5.3511815,0.022402328,0.3861205,29,model/tf.math.add_7/Add;model/tf.nn.convolution_5/convolution;Const_119,,0.3876356540795861
CONV_2D,338,7840.0,0.08547206,-0.0054889256,0.4451206,0.007339049,0.23137784,3,model/tf.math.add_16/Add;model/tf.nn.convolution_11/convolution;Const_99,,0.3702526121823943
MUL,258,50176.0,0.0068159057,-0.00054643804,0.390864,5.4280135e-05,0.019986823,-128,model/tf.math.multiply_5/Mul,,0.36861813127659726
CONV_2D,466,9408.0,0.08194896,-0.0024403837,0.37885815,0.0067226775,0.22276893,-12,model/tf.math.add_33/Add;model/tf.nn.convolution_23/convolution;Const_60,,0.36805821879673967
CONV_2D,322,24.0,0.012588915,0.0026309206,0.033728197,0.00017420057,0.037192453,-128,model/tf.nn.relu_6/Relu;model/tf.math.add_14/Add;model/tf.nn.convolution_9/convolution;Const_106,,0.3548705527674467
MUL,462,23520.0,0.013483718,0.0013099054,0.06432885,0.00018368792,0.039129574,-118,model/tf.math.multiply_43/Mul,,0.34636593955737116
MUL,418,47040.0,0.043093823,0.009678837,0.188609,0.0019519993,0.12847468,-125,model/tf.math.multiply_33/Mul,,0.34389216728829797
HARD_SWISH,530,14112.0,0.063176006,-0.03438165,0.10522747,0.0051738545,0.2109052,-126,model/tf.math.multiply_57/Mul;;model/tf.nn.relu6_12/Relu6;model/tf.__operators__.add_18/AddV2;model/tf.math.multiply_56/Mul,,0.3410513853317758
CONV_2D,658,1024.0,0.01197023,-7.271302e-05,0.0363614,0.00014354501,0.035880268,50,model/tf.math.add_58/Add;model/tf.nn.convolution_41/convolution;Const_3,,0.33391687833881073
MUL,550,14112.0,0.009274356,0.00079697464,0.05710697,8.671982e-05,0.028054107,-115,model/tf.math.multiply_61/Mul,,0.3319424039009938
CONV_2D,542,288.0,0.001395758,-3.0967793e-05,0.0040881345,1.955273e-06,0.0043196804,-120,model/tf.__operators__.add_19/AddV2;model/tf.math.multiply_58/Mul;Const_38;model/tf.math.add_43/Add;;model/tf.nn.convolution_30/convolution,,0.3237069961480858
CONV_2D,326,96.0,0.0013266951,2.424487e-05,0.0032674163,1.7797095e-06,0.004209747,-119,model/tf.__operators__.add_4/AddV2;model/tf.math.multiply_12/Mul;Const_104;model/tf.math.add_15/Add;;model/tf.nn.convolution_10/convolution,,0.31689731769926044
CONV_2D,378,7840.0,0.08102632,0.00031228806,0.30340242,0.006566771,0.25878355,0,model/tf.math.add_21/Add;model/tf.nn.convolution_15/convolution;Const_86,,0.31314052082024035
DEPTHWISE_CONV_2D,394,47040.0,0.2889244,-0.005049134,8.025908,0.0860541,0.93728954,-29,model/tf.math.add_24/Add;model/tf.compat.v1.nn.depthwise_conv2d_5/depthwise;Const_82,,0.3129767043009686
FULLY_CONNECTED,666,5.0,0.024208855,-0.0062551806,0.041815706,0.0007961597,0.090722375,34,PartitionedCall:0,,0.3110181146117719
DEPTHWISE_CONV_2D,238,50176.0,0.094457835,-0.0144097805,0.4719963,0.009191524,0.31085256,-128,model/tf.nn.relu/Relu;model/tf.math.add_1/Add;model/tf.compat.v1.nn.depthwise_conv2d/depthwise;Const_135,,0.30841771443172333
CONV_2D,626,576.0,0.0013460866,1.0194864e-05,0.0034591244,1.8152198e-06,0.004401968,-108,model/tf.__operators__.add_25/AddV2;model/tf.math.multiply_76/Mul;Const_12;model/tf.math.add_54/Add;;model/tf.nn.convolution_38/convolution,,0.30606786135026265
CONV_2D,290,18816.0,0.13259006,-0.0016649783,0.47778225,0.017588332,0.43504637,37,model/tf.math.add_10/Add;model/tf.nn.convolution_7/convolution;Const_113,,0.3048433869101463
CONV_2D,506,9408.0,0.06650619,-0.0008534511,0.18860273,0.0044243345,0.21931422,-11,model/tf.math.add_38/Add;model/tf.nn.convolution_27/convolution;Const_47,,0.3032893675833816
DEPTHWISE_CONV_2D,438,23520.0,0.09974594,3.480851e-05,0.5394666,0.009950714,0.32896402,-48,model/tf.math.add_30/Add;model/tf.compat.v1.nn.depthwise_conv2d_6/depthwise;Const_69,,0.3032345774796456
CONV_2D,342,47040.0,0.10516551,0.00051734434,2.3621402,0.011220358,0.34941375,-6,model/tf.math.add_17/Add;model/tf.nn.convolution_12/convolution;Const_97,,0.30315404383573596
CONV_2D,554,4704.0,0.12534682,0.004392769,0.36073858,0.015735157,0.4152199,40,model/tf.math.add_44/Add;model/tf.nn.convolution_31/convolution;Const_33,,0.3021046296515066
CONV_2D,410,240.0,0.0014229416,3.0981082e-05,0.0034112814,2.034077e-06,0.0047508944,-93,model/tf.__operators__.add_10/AddV2;model/tf.math.multiply_30/Mul;Const_78;model/tf.math.add_26/Add;;model/tf.nn.convolution_18/convolution,,0.3001983613326875
HARD_SWISH,662,1024.0,0.0035236697,-0.00017645193,0.005937814,1.2458984e-05,0.011799117,-96,model/tf.math.multiply_85/Mul;;model/tf.nn.relu6_18/Relu6;model/tf.__operators__.add_27/AddV2;model/tf.math.multiply_84/Mul,,0.29915192818793057
DEPTHWISE_CONV_2D,350,47040.0,0.17093799,0.0012600449,2.7014747,0.029354693,0.57478637,-28,model/tf.math.add_18/Add;model/tf.compat.v1.nn.depthwise_conv2d_4/depthwise;Const_95,,0.2980796381103754
CONV_2D,454,120.0,0.0012488273,-6.5580105e-05,0.0024984009,1.5814815e-06,0.004229377,-124,model/tf.__operators__.add_13/AddV2;model/tf.math.multiply_40/Mul;Const_65;model/tf.math.add_32/Add;;model/tf.nn.convolution_22/convolution,,0.2973415895480616
CONV_2D,226,200704.0,0.13448513,-0.0063821585,0.5101365,0.018384961,0.4585455,3,model/tf.math.add/Add;model/tf.nn.convolution/convolution;Const_138,,0.29569836328400206
DEPTHWISE_CONV_2D,566,28224.0,0.09665175,0.00017545227,0.2795557,0.009342083,0.32699457,2,model/tf.math.add_46/Add;model/tf.compat.v1.nn.depthwise_conv2d_9/depthwise;Const_29,,0.2955842707940887
CONV_2D,582,576.0,0.0012764207,1.9089119e-05,0.0028896355,1.6327776e-06,0.0043251314,-109,model/tf.__operators__.add_22/AddV2;model/tf.math.multiply_66/Mul;Const_25;model/tf.math.add_48/Add;;model/tf.nn.convolution_34/convolution,,0.29543654155222787
DEPTHWISE_CONV_2D,478,28224.0,0.09454136,0.00023177444,0.33491424,0.008938616,0.32035333,-40,model/tf.math.add_35/Add;model/tf.compat.v1.nn.depthwise_conv2d_7/depthwise;Const_56,,0.2951249303017524
CONV_2D,298,75264.0,0.1182213,-0.00042295989,2.2237637,0.014011775,0.40250042,-7,model/tf.math.add_12/Add;model/tf.nn.convolution_8/convolution;Const_111,,0.2940899879322684
CONV_2D,366,240.0,0.0012951086,-1.1639704e-05,0.002721011,1.6856899e-06,0.004424113,-109,model/tf.__operators__.add_7/AddV2;model/tf.math.multiply_20/Mul;Const_91;model/tf.math.add_20/Add;;model/tf.nn.convolution_14/convolution,,0.29346926964350056
MEAN,242,16.0,0.014108945,-0.001600231,0.023462482,0.00021655709,0.05015379,-128,model/tf.math.reduce_mean/Mean,,0.2934150906414001
DEPTHWISE_CONV_2D,310,18816.0,0.11039512,0.0044262703,0.4661297,0.012208807,0.37664977,-2,model/tf.math.add_13/Add;model/tf.compat.v1.nn.depthwise_conv2d_3/depthwise;Const_108,,0.2933586562267472
PAD,222,153228.0,0.0054136403,-0.0007061921,0.0093261,2.9881769e-05,0.018658448,-14,model/tf.compat.v1.pad/Pad,,0.29297302518971446
CONV_2D,422,7840.0,0.28305104,0.008508418,0.8814502,0.080200754,0.9672265,46,model/tf.math.add_27/Add;model/tf.nn.convolution_19/convolution;Const_73,,0.2927932355040693
CONV_2D,494,144.0,0.0011403989,6.022053e-06,0.0028235484,1.3129322e-06,0.003914455,-124,model/tf.__operators__.add_16/AddV2;model/tf.math.multiply_48/Mul;Const_52;model/tf.math.add_37/Add;;model/tf.nn.convolution_26/convolution,,0.2927182802605467
CONV_2D,594,4704.0,0.14212656,-0.00045568123,0.31430867,0.02020489,0.48815706,33,model/tf.math.add_49/Add;model/tf.nn.convolution_35/convolution;Const_20,,0.2911847796577886
CONV_2D,470,28224.0,0.07977481,-0.00040249826,0.26692364,0.0063644378,0.274371,12,model/tf.math.add_34/Add;model/tf.nn.convolution_24/convolution;Const_58,,0.29076479158456503
CONV_2D,646,28224.0,0.2916219,0.00033740822,0.6647935,0.085047826,1.0064844,32,model/tf.math.add_57/Add;model/tf.nn.convolution_40/convolution;Const_5,,0.28975074439444104
DEPTHWISE_CONV_2D,526,14112.0,0.075862154,-0.00093910564,0.16499093,0.005756543,0.2619234,-77,model/tf.math.add_41/Add;model/tf.compat.v1.nn.depthwise_conv2d_8/depthwise;Const_42,,0.2896720393769591
CONV_2D,638,4704.0,0.20321456,-0.0005942876,0.3919741,0.041308474,0.7026784,2,model/tf.math.add_55/Add;model/tf.nn.convolution_39/convolution;Const_7,,0.28924307645387204
CONV_2D,386,47040.0,0.080818884,7.295716e-05,0.33368272,0.006531968,0.27951354,21,model/tf.math.add_23/Add;model/tf.nn.convolution_16/convolution;Const_84,,0.2891473215773336
DEPTHWISE_CONV_2D,610,28224.0,0.13331668,-0.0002868917,0.36427817,0.017774124,0.46165237,-36,model/tf.math.add_52/Add;model/tf.compat.v1.nn.depthwise_conv2d_10/depthwise;Const_16,,0.28878792707721945
ADD,426,7840.0,0.27864787,0.0005263955,0.47919863,0.07765586,0.9672265,46,model/tf.math.add_28/Add,,0.2881103964413574
ADD,598,4704.0,0.14036387,0.00023455844,0.24121574,0.019707045,0.48815706,33,model/tf.math.add_50/Add,,0.28757503375286764
ADD,642,4704.0,0.20200303,0.00042109803,0.34799194,0.040815625,0.7026784,2,model/tf.math.add_56/Add,,0.287512427738345
ADD,382,7840.0,0.07436456,0.00016770852,0.14886689,0.0055309674,0.25878355,0,model/tf.math.add_22/Add,,0.2873848588132195
CONV_2D,430,23520.0,0.11228982,-0.0009904169,0.46691957,0.012610634,0.3909948,40,model/tf.math.add_29/Add;model/tf.nn.convolution_20/convolution;Const_71,,0.2872086258283244
MEAN,618,576.0,0.009174253,0.00020236893,0.01600888,8.437973e-05,0.03209983,-116,model/tf.math.reduce_mean_8/Mean,,0.2861648800139179
HARD_SWISH,398,47040.0,0.1535504,-0.0562912,0.32239193,0.026754327,0.57403266,-127,model/tf.math.multiply_29/Mul;;model/tf.nn.relu6_6/Relu6;model/tf.__operators__.add_9/AddV2;model/tf.math.multiply_28/Mul,,0.2849445880449601
CONV_2D,514,56448.0,0.14498195,0.0007072238,0.6709024,0.0210207,0.5088404,-17,model/tf.math.add_40/Add;model/tf.nn.convolution_28/convolution;Const_45,,0.28493250861289104
RELU_0_TO_1,546,288.0,0.0011088959,4.0538936e-05,0.0019375496,1.2357123e-06,0.003921569,-128,model/tf.math.maximum_6/Maximum;model/tf.math.minimum_6/Minimum,,0.28346459574448735
HARD_SWISH,606,28224.0,0.05786295,-0.022040728,0.103278294,0.0038342976,0.21856923,-126,model/tf.math.multiply_73/Mul;;model/tf.nn.relu6_15/Relu6;model/tf.__operators__.add_23/AddV2;model/tf.math.multiply_72/Mul,,0.28330476985654135
RELU_0_TO_1,330,96.0,0.0011016689,3.216216e-06,0.0019430243,1.2237344e-06,0.003921569,-128,model/tf.math.maximum_1/Maximum;model/tf.math.minimum_1/Minimum,,0.2820874230465967
RELU_0_TO_1,458,120.0,0.00110034,-6.528737e-05,0.0019475551,1.2191811e-06,0.003921569,-128,model/tf.math.maximum_4/Maximum;model/tf.math.minimum_4/Minimum,,0.2815621351759225
CONV_2D,602,28224.0,0.15306789,-0.0035189264,0.36734444,0.023443053,0.54413635,25,model/tf.math.add_51/Add;model/tf.nn.convolution_36/convolution;Const_18,,0.2813839653827548
CONV_2D,558,28224.0,0.14196238,-0.0007074056,0.39752612,0.020154707,0.5060201,3,model/tf.math.add_45/Add;model/tf.nn.convolution_32/convolution;Const_31,,0.28055659132514793
MEAN,654,576.0,0.007738484,-0.0002679278,0.013909831,6.0076596e-05,0.027712118,-118,model/tf.math.reduce_mean_9/Mean,,0.27969386410679437
ADD,294,18816.0,0.120852605,-0.008142367,0.5286937,0.014702971,0.43504637,37,model/tf.math.add_11/Add,,0.27871927332323887
CONV_2D,450,32.0,0.0067463936,0.0017112666,0.023614828,5.021234e-05,0.025509946,-128,model/tf.nn.relu_9/Relu;model/tf.math.add_31/Add;model/tf.nn.convolution_21/convolution;Const_67,,0.27777662131876946
RELU_0_TO_1,586,576.0,0.0010849584,5.7627614e-05,0.0019420108,1.1824266e-06,0.003921569,-128,model/tf.math.maximum_7/Maximum;model/tf.math.minimum_7/Minimum,,0.2772855478679281
RELU_0_TO_1,370,240.0,0.0010733295,5.9983136e-05,0.0019228476,1.1595521e-06,0.003921569,-128,model/tf.math.maximum_2/Maximum;model/tf.math.minimum_2/Minimum,,0.27459035120798714
CONV_2D,250,16.0,0.0010149034,0.0002246573,0.0019368713,1.1964365e-06,0.0039864015,-128,model/tf.__operators__.add_1/AddV2;model/tf.math.multiply_2/Mul;Const_131;model/tf.math.add_3/Add;;model/tf.nn.convolution_2/convolution,,0.27438716293966814
MUL,334,18816.0,0.009571312,9.073174e-05,0.027378775,9.18163e-05,0.03504878,-117,model/tf.math.multiply_15/Mul,,0.2733927468281578
MUL,590,28224.0,0.004164445,-0.00011864665,0.007887582,1.7372982e-05,0.015817378,-104,model/tf.math.multiply_69/Mul,,0.26351339203692536
CONV_2D,266,225792.0,0.16689484,0.005132638,3.8480873,0.028030353,0.6420094,-128,model/tf.nn.relu_2/Relu;model/tf.math.add_5/Add;model/tf.nn.convolution_4/convolution;Const_124,,0.2607791687713566
HARD_SWISH,482,28224.0,0.050716728,-0.018054884,0.10328102,0.0028982805,0.21112254,-126,model/tf.math.multiply_47/Mul;;model/tf.nn.relu6_10/Relu6;model/tf.__operators__.add_15/AddV2;model/tf.math.multiply_46/Mul,,0.25499731363304073
HARD_SWISH,314,18816.0,0.04902071,-0.0009361815,0.095014855,0.0024046805,0.19240728,-126,model/tf.math.multiply_11/Mul;;model/tf.nn.relu6_2/Relu6;model/tf.__operators__.add_3/AddV2;model/tf.math.multiply_10/Mul,,0.25486323459796717
CONV_2D,282,68992.0,0.08136455,-0.0017651151,1.3653877,0.0066374317,0.3234533,-128,model/tf.nn.relu_4/Relu;model/tf.math.add_8/Add;model/tf.nn.convolution_6/convolution;Const_117,,0.25187696188171194
HARD_SWISH,442,23520.0,0.05621972,0.009559341,0.11040252,0.003252339,0.22781238,-126,model/tf.math.multiply_39/Mul;;model/tf.nn.relu6_8/Relu6;model/tf.__operators__.add_12/AddV2;model/tf.math.multiply_38/Mul,,0.2503344284992082
RELU_0_TO_1,414,240.0,0.0009766745,-4.5343157e-05,0.0019453191,9.624687e-07,0.003921569,-128,model/tf.math.maximum_3/Maximum;model/tf.math.minimum_3/Minimum,,0.2501689735487627
HARD_SWISH,562,28224.0,0.06142342,-0.0058425423,0.1270833,0.0038071824,0.24847136,-126,model/tf.math.multiply_63/Mul;;model/tf.nn.relu6_13/Relu6;model/tf.__operators__.add_20/AddV2;model/tf.math.multiply_62/Mul,,0.24832789374391384
HARD_SWISH,434,23520.0,0.031495053,0.007440866,0.069634035,0.0010476075,0.13423339,-125,model/tf.math.multiply_37/Mul;;model/tf.nn.relu6_7/Relu6;model/tf.__operators__.add_11/AddV2;model/tf.math.multiply_36/Mul,,0.2411230571024028
RELU_0_TO_1,630,576.0,0.00091497344,-0.00020753732,0.0019223874,8.854935e-07,0.003921569,-128,model/tf.math.maximum_8/Maximum;model/tf.math.minimum_8/Minimum,,0.2399566708750785
HARD_SWISH,570,28224.0,0.03708399,-0.006813284,0.081085816,0.001421801,0.16187353,-126,model/tf.math.multiply_65/Mul;;model/tf.nn.relu6_14/Relu6;model/tf.__operators__.add_21/AddV2;model/tf.math.multiply_64/Mul,,0.23293973127838424
MUL,374,47040.0,0.0028240345,-0.00017650206,0.008751342,8.023872e-06,0.012382649,-98,model/tf.math.multiply_23/Mul,,0.2287591285656793
HARD_SWISH,302,75264.0,0.047964677,-0.007633959,0.099812,0.0023591039,0.21312076,-126,model/tf.math.multiply_9/Mul;;model/tf.nn.relu6_1/Relu6;model/tf.__operators__.add_2/AddV2;model/tf.math.multiply_8/Mul,,0.22790181194458706
RELU_0_TO_1,254,16.0,0.00071073323,-0.0005189517,0.0013493311,7.7501375e-07,0.003921569,-128,model/tf.math.maximum/Maximum;model/tf.math.minimum/Minimum,,0.22448888506705683
DEPTHWISE_CONV_2D,286,68992.0,0.05228628,-0.0045832014,0.5434431,0.0027574454,0.23419887,-128,model/tf.nn.relu_5/Relu;model/tf.math.add_9/Add;model/tf.compat.v1.nn.depthwise_conv2d_2/depthwise;Const_115,,0.22421706615307205
HARD_SWISH,346,47040.0,0.040341035,0.0033022317,0.09041752,0.001638478,0.183735,-126,model/tf.math.multiply_17/Mul;;model/tf.nn.relu6_3/Relu6;model/tf.__operators__.add_5/AddV2;model/tf.math.multiply_16/Mul,,0.22030705932545566
HARD_SWISH,230,200704.0,0.046854753,-0.0064945472,0.11372189,0.0022656028,0.22381811,-126,model/tf.math.multiply_1/Mul;;model/tf.nn.relu6/Relu6;model/tf.__operators__.add/AddV2;model/tf.math.multiply/Mul,,0.21266531430746782
ADD,510,9408.0,0.046564348,-0.00043549034,0.10876556,0.0021699392,0.21931422,-11,model/tf.math.add_39/Add,,0.2124012122692058
HARD_SWISH,390,47040.0,0.024679326,0.000998111,0.059676677,0.00061010226,0.11730451,-125,model/tf.math.multiply_27/Mul;;model/tf.nn.relu6_5/Relu6;model/tf.__operators__.add_8/AddV2;model/tf.math.multiply_26/Mul,,0.21056520484072483
RELU_0_TO_1,498,144.0,0.00074891036,-0.00031065036,0.0019002245,6.5820836e-07,0.0038567963,-128,model/tf.math.maximum_5/Maximum;model/tf.math.minimum_5/Minimum,,0.2103560441907276
HARD_SWISH,518,56448.0,0.05991377,0.0034295619,0.13904172,0.0036017904,0.28950816,-127,model/tf.math.multiply_55/Mul;;model/tf.nn.relu6_11/Relu6;model/tf.__operators__.add_17/AddV2;model/tf.math.multiply_54/Mul,,0.20729957368181887
HARD_SWISH,474,28224.0,0.025688555,-0.0015191422,0.06408787,0.0006622638,0.12480738,-125,model/tf.math.multiply_45/Mul;;model/tf.nn.relu6_9/Relu6;model/tf.__operators__.add_14/AddV2;model/tf.math.multiply_44/Mul,,0.2061936288463972
CONV_2D,578,144.0,0.004054702,-7.164051e-05,0.016489945,1.6714888e-05,0.020936554,-128,model/tf.nn.relu_12/Relu;model/tf.math.add_47/Add;model/tf.nn.convolution_33/convolution;Const_27,,0.19527494935571166
HARD_SWISH,614,28224.0,0.057520382,-0.0009790461,0.13824457,0.0033099982,0.29694417,-127,model/tf.math.multiply_75/Mul;;model/tf.nn.relu6_16/Relu6;model/tf.__operators__.add_24/AddV2;model/tf.math.multiply_74/Mul,,0.19374882426977091
HARD_SWISH,354,47040.0,0.061016485,-0.018794158,0.17186815,0.0040767984,0.350841,-127,model/tf.math.multiply_19/Mul;;model/tf.nn.relu6_4/Relu6;model/tf.__operators__.add_6/AddV2;model/tf.math.multiply_18/Mul,,0.18199073448128986
CONV_2D,622,144.0,0.0050008306,-0.000134577,0.022655234,2.5468917e-05,0.030091839,-128,model/tf.nn.relu_13/Relu;model/tf.math.add_53/Add;model/tf.nn.convolution_37/convolution;Const_14,,0.16770905411014525
MUL,634,28224.0,0.009210811,0.0007637091,0.028214566,8.580486e-05,0.057199106,-121,model/tf.math.multiply_79/Mul,,0.16194468628013745
HARD_SWISH,650,28224.0,0.039603636,-0.00883491,0.1711536,0.0016507722,0.37783104,-127,model/tf.math.multiply_83/Mul;;model/tf.nn.relu6_17/Relu6;model/tf.__operators__.add_26/AddV2;model/tf.math.multiply_82/Mul,,0.10753403435639847
PAD,306,98304.0,6.631689e-08,6.008478e-07,2.9802322e-06,3.6549756e-13,0.21312076,-126,model/tf.compat.v1.pad_3/Pad,,2.836720092531766e-06
PAD,234,207936.0,4.8133444e-08,5.684283e-07,2.1755695e-06,3.2543697e-13,0.22381811,-126,model/tf.compat.v1.pad_1/Pad,,2.548814445164135e-06
PAD,522,93312.0,2.6231131e-08,-6.5702244e-07,2.0116568e-06,4.3237001e-13,0.28950816,-127,model/tf.compat.v1.pad_4/Pad,,2.2712606266584862e-06
PAD,270,242208.0,0.0,0.0,0.0,0.0,0.6420094,-128,model/tf.compat.v1.pad_2/Pad,,0.0
