order,node,type,rel_err
0,/conv_stem/Conv/WithoutBiases/fq_weights_1,Multiply,0.0
1,/conv_stem/Conv/WithoutBiases,Convolution,0.0
2,/conv_stem/Conv,Add,4.203166525940105e-08
3,/bn1/act/HardSwish,HSwish,7.601770590781598e-08
4,/blocks/blocks.0/blocks.0.0/conv_dw/Conv/WithoutBiases,GroupConvolution,
5,/blocks/blocks.0/blocks.0.0/conv_dw/Conv,Add,
6,/blocks/blocks.0/blocks.0.0/bn1/act/Relu,Relu,0.5460803508758545
7,/blocks/blocks.0/blocks.0.0/se/ReduceMean,ReduceMean,0.5600994825363159
8,/blocks/blocks.0/blocks.0.0/se/conv_reduce/Conv/WithoutBiases/fq_weights_1,Multiply,0.0
9,/blocks/blocks.0/blocks.0.0/se/conv_reduce/Conv/WithoutBiases,Convolution,0.4019664227962494
10,/blocks/blocks.0/blocks.0.0/se/conv_reduce/Conv,Add,0.5468155145645142
11,/blocks/blocks.0/blocks.0.0/se/act1/Relu,Relu,0.5468155145645142
12,/blocks/blocks.0/blocks.0.0/se/conv_expand/Conv/WithoutBiases/fq_weights_1,Multiply,0.0
13,/blocks/blocks.0/blocks.0.0/se/conv_expand/Conv/WithoutBiases,Convolution,0.861606240272522
14,/blocks/blocks.0/blocks.0.0/se/conv_expand/Conv,Add,0.03001415729522705
15,/blocks/blocks.0/blocks.0.0/se/Mul,Multiply,0.4508896470069885
16,/blocks/blocks.0/blocks.0.0/conv_pw/Conv/WithoutBiases/fq_weights_1,Multiply,0.0
17,/blocks/blocks.0/blocks.0.0/conv_pw/Conv/WithoutBiases,Convolution,0.2682269215583801
18,/blocks/blocks.0/blocks.0.0/conv_pw/Conv,Add,1.2410508394241333
19,/blocks/blocks.1/blocks.1.0/conv_pw/Conv/WithoutBiases/fq_weights_1,Multiply,0.0
20,/blocks/blocks.1/blocks.1.0/conv_pw/Conv/WithoutBiases,Convolution,1.7652981281280518
21,/blocks/blocks.1/blocks.1.0/conv_pw/Conv,Add,1.5864899158477783
22,/blocks/blocks.1/blocks.1.0/bn1/act/Relu,Relu,1.7109750509262085
23,/blocks/blocks.1/blocks.1.0/conv_dw/Conv/WithoutBiases,GroupConvolution,
24,/blocks/blocks.1/blocks.1.0/conv_dw/Conv,Add,
25,/blocks/blocks.1/blocks.1.0/bn2/act/Relu,Relu,0.9485784769058228
26,/blocks/blocks.1/blocks.1.0/conv_pwl/Conv/WithoutBiases/fq_weights_1,Multiply,0.0
27,/blocks/blocks.1/blocks.1.0/conv_pwl/Conv/WithoutBiases,Convolution,0.9555684328079224
28,/blocks/blocks.1/blocks.1.0/conv_pwl/Conv,Add,1.7772083282470703
29,/blocks/blocks.1/blocks.1.1/conv_pw/Conv/WithoutBiases/fq_weights_1,Multiply,0.0
30,/blocks/blocks.1/blocks.1.1/conv_pw/Conv/WithoutBiases,Convolution,2.002129554748535
31,/blocks/blocks.1/blocks.1.1/conv_pw/Conv,Add,1.4508416652679443
32,/blocks/blocks.1/blocks.1.1/bn1/act/Relu,Relu,1.20042884349823
33,/blocks/blocks.1/blocks.1.1/conv_dw/Conv/WithoutBiases,GroupConvolution,
34,/blocks/blocks.1/blocks.1.1/conv_dw/Conv,Add,
35,/blocks/blocks.1/blocks.1.1/bn2/act/Relu,Relu,0.3906939625740051
36,/blocks/blocks.1/blocks.1.1/conv_pwl/Conv/WithoutBiases/fq_weights_1,Multiply,0.0
37,/blocks/blocks.1/blocks.1.1/conv_pwl/Conv/WithoutBiases,Convolution,0.4005562663078308
38,/blocks/blocks.1/blocks.1.1/conv_pwl/Conv,Add,1.1793779134750366
39,/blocks/blocks.1/blocks.1.1/Add,Add,1.0679817199707031
40,/blocks/blocks.2/blocks.2.0/conv_pw/Conv/WithoutBiases/fq_weights_1,Multiply,0.0
41,/blocks/blocks.2/blocks.2.0/conv_pw/Conv/WithoutBiases,Convolution,1.1961249113082886
42,/blocks/blocks.2/blocks.2.0/conv_pw/Conv,Add,0.9975253343582153
43,/blocks/blocks.2/blocks.2.0/bn1/act/HardSwish,HSwish,0.8251243233680725
44,/blocks/blocks.2/blocks.2.0/conv_dw/Conv/WithoutBiases,GroupConvolution,
45,/blocks/blocks.2/blocks.2.0/conv_dw/Conv,Add,
46,/blocks/blocks.2/blocks.2.0/bn2/act/HardSwish,HSwish,
47,/blocks/blocks.2/blocks.2.0/se/ReduceMean,ReduceMean,0.8709957599639893
48,/blocks/blocks.2/blocks.2.0/se/conv_reduce/Conv/WithoutBiases/fq_weights_1,Multiply,0.0
49,/blocks/blocks.2/blocks.2.0/se/conv_reduce/Conv/WithoutBiases,Convolution,0.6615685224533081
50,/blocks/blocks.2/blocks.2.0/se/conv_reduce/Conv,Add,0.6022706031799316
51,/blocks/blocks.2/blocks.2.0/se/act1/Relu,Relu,0.5617349147796631
52,/blocks/blocks.2/blocks.2.0/se/conv_expand/Conv/WithoutBiases/fq_weights_1,Multiply,0.0
53,/blocks/blocks.2/blocks.2.0/se/conv_expand/Conv/WithoutBiases,Convolution,0.7508600950241089
54,/blocks/blocks.2/blocks.2.0/se/conv_expand/Conv,Add,0.1827303171157837
55,/blocks/blocks.2/blocks.2.0/se/Mul,Multiply,0.5200887322425842
56,/blocks/blocks.2/blocks.2.0/conv_pwl/Conv/WithoutBiases/fq_weights_1,Multiply,0.0
57,/blocks/blocks.2/blocks.2.0/conv_pwl/Conv/WithoutBiases,Convolution,0.6182136535644531
58,/blocks/blocks.2/blocks.2.0/conv_pwl/Conv,Add,1.2757841348648071
59,/blocks/blocks.2/blocks.2.1/conv_pw/Conv/WithoutBiases/fq_weights_1,Multiply,0.0
60,/blocks/blocks.2/blocks.2.1/conv_pw/Conv/WithoutBiases,Convolution,1.034635305404663
61,/blocks/blocks.2/blocks.2.1/conv_pw/Conv,Add,0.7410575151443481
62,/blocks/blocks.2/blocks.2.1/bn1/act/HardSwish,HSwish,0.6780678629875183
63,/blocks/blocks.2/blocks.2.1/conv_dw/Conv/WithoutBiases,GroupConvolution,
64,/blocks/blocks.2/blocks.2.1/conv_dw/Conv,Add,
65,/blocks/blocks.2/blocks.2.1/bn2/act/HardSwish,HSwish,
66,/blocks/blocks.2/blocks.2.1/se/ReduceMean,ReduceMean,1.1034457683563232
67,/blocks/blocks.2/blocks.2.1/se/conv_reduce/Conv/WithoutBiases/fq_weights_1,Multiply,0.0
68,/blocks/blocks.2/blocks.2.1/se/conv_reduce/Conv/WithoutBiases,Convolution,0.9482352137565613
69,/blocks/blocks.2/blocks.2.1/se/conv_reduce/Conv,Add,1.0075711011886597
70,/blocks/blocks.2/blocks.2.1/se/act1/Relu,Relu,0.7942875623703003
71,/blocks/blocks.2/blocks.2.1/se/conv_expand/Conv/WithoutBiases/fq_weights_1,Multiply,0.0
72,/blocks/blocks.2/blocks.2.1/se/conv_expand/Conv/WithoutBiases,Convolution,0.4181463420391083
73,/blocks/blocks.2/blocks.2.1/se/conv_expand/Conv,Add,0.04694565385580063
74,/blocks/blocks.2/blocks.2.1/se/Mul,Multiply,0.6519367098808289
75,/blocks/blocks.2/blocks.2.1/conv_pwl/Conv/WithoutBiases/fq_weights_1,Multiply,0.0
76,/blocks/blocks.2/blocks.2.1/conv_pwl/Conv/WithoutBiases,Convolution,0.35556161403656006
77,/blocks/blocks.2/blocks.2.1/conv_pwl/Conv,Add,1.193013072013855
78,/blocks/blocks.2/blocks.2.1/Add,Add,1.2268626689910889
79,/blocks/blocks.2/blocks.2.2/conv_pw/Conv/WithoutBiases/fq_weights_1,Multiply,0.0
80,/blocks/blocks.2/blocks.2.2/conv_pw/Conv/WithoutBiases,Convolution,1.1057767868041992
81,/blocks/blocks.2/blocks.2.2/conv_pw/Conv,Add,0.7585216760635376
82,/blocks/blocks.2/blocks.2.2/bn1/act/HardSwish,HSwish,0.6813341975212097
83,/blocks/blocks.2/blocks.2.2/conv_dw/Conv/WithoutBiases,GroupConvolution,
84,/blocks/blocks.2/blocks.2.2/conv_dw/Conv,Add,
85,/blocks/blocks.2/blocks.2.2/bn2/act/HardSwish,HSwish,
86,/blocks/blocks.2/blocks.2.2/se/ReduceMean,ReduceMean,1.0021625757217407
87,/blocks/blocks.2/blocks.2.2/se/conv_reduce/Conv/WithoutBiases/fq_weights_1,Multiply,0.0
88,/blocks/blocks.2/blocks.2.2/se/conv_reduce/Conv/WithoutBiases,Convolution,0.8986592292785645
89,/blocks/blocks.2/blocks.2.2/se/conv_reduce/Conv,Add,0.9933295249938965
90,/blocks/blocks.2/blocks.2.2/se/act1/Relu,Relu,1.1780149936676025
91,/blocks/blocks.2/blocks.2.2/se/conv_expand/Conv/WithoutBiases/fq_weights_1,Multiply,0.0
92,/blocks/blocks.2/blocks.2.2/se/conv_expand/Conv/WithoutBiases,Convolution,0.5980093479156494
93,/blocks/blocks.2/blocks.2.2/se/conv_expand/Conv,Add,0.09173761308193207
94,/blocks/blocks.2/blocks.2.2/se/Mul,Multiply,0.6109887361526489
95,/blocks/blocks.2/blocks.2.2/conv_pwl/Conv/WithoutBiases/fq_weights_1,Multiply,0.0
96,/blocks/blocks.2/blocks.2.2/conv_pwl/Conv/WithoutBiases,Convolution,0.4925532341003418
97,/blocks/blocks.2/blocks.2.2/conv_pwl/Conv,Add,1.2114429473876953
98,/blocks/blocks.2/blocks.2.2/Add,Add,1.2150321006774902
99,/blocks/blocks.3/blocks.3.0/conv_pw/Conv/WithoutBiases/fq_weights_1,Multiply,0.0
100,/blocks/blocks.3/blocks.3.0/conv_pw/Conv/WithoutBiases,Convolution,1.316031575202942
101,/blocks/blocks.3/blocks.3.0/conv_pw/Conv,Add,1.0474785566329956
102,/blocks/blocks.3/blocks.3.0/bn1/act/HardSwish,HSwish,0.9242959022521973
103,/blocks/blocks.3/blocks.3.0/conv_dw/Conv/WithoutBiases,GroupConvolution,
104,/blocks/blocks.3/blocks.3.0/conv_dw/Conv,Add,
105,/blocks/blocks.3/blocks.3.0/bn2/act/HardSwish,HSwish,
106,/blocks/blocks.3/blocks.3.0/se/ReduceMean,ReduceMean,0.5206103920936584
107,/blocks/blocks.3/blocks.3.0/se/conv_reduce/Conv/WithoutBiases/fq_weights_1,Multiply,0.0
108,/blocks/blocks.3/blocks.3.0/se/conv_reduce/Conv/WithoutBiases,Convolution,0.24554842710494995
109,/blocks/blocks.3/blocks.3.0/se/conv_reduce/Conv,Add,0.26735684275627136
110,/blocks/blocks.3/blocks.3.0/se/act1/Relu,Relu,0.2620071470737457
111,/blocks/blocks.3/blocks.3.0/se/conv_expand/Conv/WithoutBiases/fq_weights_1,Multiply,0.0
112,/blocks/blocks.3/blocks.3.0/se/conv_expand/Conv/WithoutBiases,Convolution,0.23845137655735016
113,/blocks/blocks.3/blocks.3.0/se/conv_expand/Conv,Add,0.05021074414253235
114,/blocks/blocks.3/blocks.3.0/se/Mul,Multiply,0.5297251343727112
115,/blocks/blocks.3/blocks.3.0/conv_pwl/Conv/WithoutBiases/fq_weights_1,Multiply,0.0
116,/blocks/blocks.3/blocks.3.0/conv_pwl/Conv/WithoutBiases,Convolution,0.701810896396637
117,/blocks/blocks.3/blocks.3.0/conv_pwl/Conv,Add,1.173691987991333
118,/blocks/blocks.3/blocks.3.1/conv_pw/Conv/WithoutBiases/fq_weights_1,Multiply,0.0
119,/blocks/blocks.3/blocks.3.1/conv_pw/Conv/WithoutBiases,Convolution,1.0259562730789185
120,/blocks/blocks.3/blocks.3.1/conv_pw/Conv,Add,0.8713021874427795
121,/blocks/blocks.3/blocks.3.1/bn1/act/HardSwish,HSwish,0.7475279569625854
122,/blocks/blocks.3/blocks.3.1/conv_dw/Conv/WithoutBiases,GroupConvolution,
123,/blocks/blocks.3/blocks.3.1/conv_dw/Conv,Add,
124,/blocks/blocks.3/blocks.3.1/bn2/act/HardSwish,HSwish,
125,/blocks/blocks.3/blocks.3.1/se/ReduceMean,ReduceMean,1.5381066799163818
126,/blocks/blocks.3/blocks.3.1/se/conv_reduce/Conv/WithoutBiases/fq_weights_1,Multiply,0.0
127,/blocks/blocks.3/blocks.3.1/se/conv_reduce/Conv/WithoutBiases,Convolution,1.0244029760360718
128,/blocks/blocks.3/blocks.3.1/se/conv_reduce/Conv,Add,1.1406002044677734
129,/blocks/blocks.3/blocks.3.1/se/act1/Relu,Relu,1.0574512481689453
130,/blocks/blocks.3/blocks.3.1/se/conv_expand/Conv/WithoutBiases/fq_weights_1,Multiply,0.0
131,/blocks/blocks.3/blocks.3.1/se/conv_expand/Conv/WithoutBiases,Convolution,0.5207407474517822
132,/blocks/blocks.3/blocks.3.1/se/conv_expand/Conv,Add,0.03528744727373123
133,/blocks/blocks.3/blocks.3.1/se/Mul,Multiply,0.3860341012477875
134,/blocks/blocks.3/blocks.3.1/conv_pwl/Conv/WithoutBiases/fq_weights_1,Multiply,0.0
135,/blocks/blocks.3/blocks.3.1/conv_pwl/Conv/WithoutBiases,Convolution,0.2926177382469177
136,/blocks/blocks.3/blocks.3.1/conv_pwl/Conv,Add,1.1857445240020752
137,/blocks/blocks.3/blocks.3.1/Add,Add,1.1543071269989014
138,/blocks/blocks.4/blocks.4.0/conv_pw/Conv/WithoutBiases/fq_weights_1,Multiply,0.0
139,/blocks/blocks.4/blocks.4.0/conv_pw/Conv/WithoutBiases,Convolution,1.1216858625411987
140,/blocks/blocks.4/blocks.4.0/conv_pw/Conv,Add,0.8276565074920654
141,/blocks/blocks.4/blocks.4.0/bn1/act/HardSwish,HSwish,0.8428348302841187
142,/blocks/blocks.4/blocks.4.0/conv_dw/Conv/WithoutBiases,GroupConvolution,
143,/blocks/blocks.4/blocks.4.0/conv_dw/Conv,Add,
144,/blocks/blocks.4/blocks.4.0/bn2/act/HardSwish,HSwish,
145,/blocks/blocks.4/blocks.4.0/se/ReduceMean,ReduceMean,0.9059743881225586
146,/blocks/blocks.4/blocks.4.0/se/conv_reduce/Conv/WithoutBiases/fq_weights_1,Multiply,0.0
147,/blocks/blocks.4/blocks.4.0/se/conv_reduce/Conv/WithoutBiases,Convolution,0.4883755147457123
148,/blocks/blocks.4/blocks.4.0/se/conv_reduce/Conv,Add,0.5675092935562134
149,/blocks/blocks.4/blocks.4.0/se/act1/Relu,Relu,0.4299606382846832
150,/blocks/blocks.4/blocks.4.0/se/conv_expand/Conv/WithoutBiases/fq_weights_1,Multiply,0.0
151,/blocks/blocks.4/blocks.4.0/se/conv_expand/Conv/WithoutBiases,Convolution,0.26146548986434937
152,/blocks/blocks.4/blocks.4.0/se/conv_expand/Conv,Add,0.08653859049081802
153,/blocks/blocks.4/blocks.4.0/se/Mul,Multiply,0.6028227210044861
154,/blocks/blocks.4/blocks.4.0/conv_pwl/Conv/WithoutBiases/fq_weights_1,Multiply,0.0
155,/blocks/blocks.4/blocks.4.0/conv_pwl/Conv/WithoutBiases,Convolution,0.643206000328064
156,/blocks/blocks.4/blocks.4.0/conv_pwl/Conv,Add,1.2712970972061157
157,/blocks/blocks.4/blocks.4.1/conv_pw/Conv/WithoutBiases/fq_weights_1,Multiply,0.0
158,/blocks/blocks.4/blocks.4.1/conv_pw/Conv/WithoutBiases,Convolution,1.254644513130188
159,/blocks/blocks.4/blocks.4.1/conv_pw/Conv,Add,0.9187368750572205
160,/blocks/blocks.4/blocks.4.1/bn1/act/HardSwish,HSwish,0.9130722284317017
161,/blocks/blocks.4/blocks.4.1/conv_dw/Conv/WithoutBiases,GroupConvolution,
162,/blocks/blocks.4/blocks.4.1/conv_dw/Conv,Add,
163,/blocks/blocks.4/blocks.4.1/bn2/act/HardSwish,HSwish,
164,/blocks/blocks.4/blocks.4.1/se/ReduceMean,ReduceMean,2.0526232719421387
165,/blocks/blocks.4/blocks.4.1/se/conv_reduce/Conv/WithoutBiases/fq_weights_1,Multiply,0.0
166,/blocks/blocks.4/blocks.4.1/se/conv_reduce/Conv/WithoutBiases,Convolution,1.011507272720337
167,/blocks/blocks.4/blocks.4.1/se/conv_reduce/Conv,Add,0.9567504525184631
168,/blocks/blocks.4/blocks.4.1/se/act1/Relu,Relu,0.6030482053756714
169,/blocks/blocks.4/blocks.4.1/se/conv_expand/Conv/WithoutBiases/fq_weights_1,Multiply,0.0
170,/blocks/blocks.4/blocks.4.1/se/conv_expand/Conv/WithoutBiases,Convolution,0.2755381166934967
171,/blocks/blocks.4/blocks.4.1/se/conv_expand/Conv,Add,0.049539629369974136
172,/blocks/blocks.4/blocks.4.1/se/Mul,Multiply,0.9096889495849609
173,/blocks/blocks.4/blocks.4.1/conv_pwl/Conv/WithoutBiases/fq_weights_1,Multiply,0.0
174,/blocks/blocks.4/blocks.4.1/conv_pwl/Conv/WithoutBiases,Convolution,0.5660867094993591
175,/blocks/blocks.4/blocks.4.1/conv_pwl/Conv,Add,1.459129810333252
176,/blocks/blocks.4/blocks.4.1/Add,Add,1.2493770122528076
177,/blocks/blocks.4/blocks.4.2/conv_pw/Conv/WithoutBiases/fq_weights_1,Multiply,0.0
178,/blocks/blocks.4/blocks.4.2/conv_pw/Conv/WithoutBiases,Convolution,1.3330235481262207
179,/blocks/blocks.4/blocks.4.2/conv_pw/Conv,Add,0.8191101551055908
180,/blocks/blocks.4/blocks.4.2/bn1/act/HardSwish,HSwish,0.842407763004303
181,/blocks/blocks.4/blocks.4.2/conv_dw/Conv/WithoutBiases,GroupConvolution,
182,/blocks/blocks.4/blocks.4.2/conv_dw/Conv,Add,
183,/blocks/blocks.4/blocks.4.2/bn2/act/HardSwish,HSwish,
184,/blocks/blocks.4/blocks.4.2/se/ReduceMean,ReduceMean,1.5793763399124146
185,/blocks/blocks.4/blocks.4.2/se/conv_reduce/Conv/WithoutBiases/fq_weights_1,Multiply,0.0
186,/blocks/blocks.4/blocks.4.2/se/conv_reduce/Conv/WithoutBiases,Convolution,1.4773110151290894
187,/blocks/blocks.4/blocks.4.2/se/conv_reduce/Conv,Add,0.9208025336265564
188,/blocks/blocks.4/blocks.4.2/se/act1/Relu,Relu,0.497437983751297
189,/blocks/blocks.4/blocks.4.2/se/conv_expand/Conv/WithoutBiases/fq_weights_1,Multiply,0.0
190,/blocks/blocks.4/blocks.4.2/se/conv_expand/Conv/WithoutBiases,Convolution,0.42346134781837463
191,/blocks/blocks.4/blocks.4.2/se/conv_expand/Conv,Add,0.052688296884298325
192,/blocks/blocks.4/blocks.4.2/se/Mul,Multiply,0.9275144934654236
193,/blocks/blocks.4/blocks.4.2/conv_pwl/Conv/WithoutBiases/fq_weights_1,Multiply,0.0
194,/blocks/blocks.4/blocks.4.2/conv_pwl/Conv/WithoutBiases,Convolution,0.676384449005127
195,/blocks/blocks.4/blocks.4.2/conv_pwl/Conv,Add,1.024429202079773
196,/blocks/blocks.4/blocks.4.2/Add,Add,1.1582387685775757
197,/blocks/blocks.5/blocks.5.0/conv/Conv/WithoutBiases/fq_weights_1,Multiply,0.0
198,/blocks/blocks.5/blocks.5.0/conv/Conv/WithoutBiases,Convolution,1.066146969795227
199,/blocks/blocks.5/blocks.5.0/conv/Conv,Add,0.8385757803916931
200,/blocks/blocks.5/blocks.5.0/bn1/act/HardSwish,HSwish,1.1587051153182983
201,/global_pool/pool/GlobalAveragePool,ReduceMean,1.7176991701126099
202,/conv_head/Conv/WithoutBiases/fq_weights_1,Multiply,0.0
203,/conv_head/Conv/WithoutBiases,Convolution,0.889846682548523
204,/conv_head/Conv,Add,0.8860130310058594
205,/act2/HardSwish,HSwish,1.1948716640472412
206,/classifier/Gemm/WithoutBiases/fq_weights_1,Multiply,0.0
207,/classifier/Gemm/WithoutBiases,MatMul,1.0690633058547974
208,Multiply_1413,Multiply,1.0690633058547974
209,Multiply_1414,Multiply,0.0
210,logits,Add,1.068514347076416
