time	throttled	arm_clock_hz	temp	mem_available_kb	swap_free_kb
2026-10-03T02:16:30+02:00	0x50005	600000000	41.9'C	729164	0
2026-10-03T02:16:35+02:00	0x50005	600000000	44.0'C	698280	0
2026-10-03T02:16:40+02:00	0x50005	600000000	45.1'C	698664	0
2026-10-03T02:16:45+02:00	0x50005	600000000	46.2'C	691592	0
2026-10-03T02:16:50+02:00	0x50005	600000000	46.2'C	691000	0
2026-10-03T02:16:55+02:00	0x50005	600000000	46.7'C	692536	0
2026-10-03T02:17:01+02:00	0x50005	600000000	46.7'C	693040	0
2026-10-03T02:17:06+02:00	0x50005	600000000	47.2'C	693592	0
2026-10-03T02:17:11+02:00	0x50005	600000000	47.2'C	697396	0
2026-10-03T02:17:16+02:00	0x50005	600000000	47.2'C	692608	0
2026-10-03T02:17:21+02:00	0x50005	600000000	47.8'C	693868	0
2026-10-03T02:17:26+02:00	0x50005	600000000	47.2'C	694068	0
2026-10-03T02:17:31+02:00	0x50005	600000000	47.2'C	693112	0
2026-10-03T02:17:36+02:00	0x50005	600000000	47.8'C	693868	0
2026-10-03T02:17:41+02:00	0x50005	600000000	48.3'C	695256	0
2026-10-03T02:17:47+02:00	0x50005	600000000	48.3'C	693760	0
2026-10-03T02:17:52+02:00	0x50005	600000000	47.8'C	694520	0
2026-10-03T02:17:57+02:00	0x50005	600000000	48.3'C	694016	0
2026-10-03T02:18:02+02:00	0x50005	600000000	48.3'C	694268	0
2026-10-03T02:18:07+02:00	0x50005	600000000	48.3'C	694476	0
2026-10-03T02:18:12+02:00	0x50005	600000000	48.3'C	694028	0
2026-10-03T02:18:17+02:00	0x50005	600000000	48.3'C	692208	0
2026-10-03T02:18:22+02:00	0x50005	600000000	48.9'C	691016	0
2026-10-03T02:18:27+02:00	0x50005	600000000	48.9'C	692528	0
2026-10-03T02:18:32+02:00	0x50005	600000000	48.9'C	690008	0
2026-10-03T02:18:37+02:00	0x50005	600000000	49.4'C	689756	0
2026-10-03T02:18:42+02:00	0x50005	600000000	49.4'C	691520	0
2026-10-03T02:18:48+02:00	0x50005	600000000	49.4'C	690524	0
2026-10-03T02:18:53+02:00	0x50005	600000000	49.4'C	696416	0
2026-10-03T02:18:58+02:00	0x50005	600000000	49.4'C	691124	0
2026-10-03T02:19:03+02:00	0x50005	600000000	49.4'C	696060	0
2026-10-03T02:19:08+02:00	0x50005	600000000	49.9'C	699200	0
2026-10-03T02:19:13+02:00	0x50005	600000000	50.5'C	694916	0
2026-10-03T02:19:18+02:00	0x50005	600000000	50.5'C	696208	0
2026-10-03T02:19:23+02:00	0x50005	600000000	50.5'C	695452	0
2026-10-03T02:19:28+02:00	0x50005	600000000	51.5'C	694204	0
2026-10-03T02:19:34+02:00	0x50005	600000000	50.5'C	696472	0
2026-10-03T02:19:39+02:00	0x50005	600000000	50.5'C	696472	0
2026-10-03T02:19:44+02:00	0x50005	600000000	50.5'C	696724	0
2026-10-03T02:19:49+02:00	0x50005	600000000	51.0'C	697760	0
2026-10-03T02:19:54+02:00	0x50005	600000000	52.1'C	695940	0
2026-10-03T02:19:59+02:00	0x50005	600000000	51.5'C	696008	0
2026-10-03T02:20:04+02:00	0x50005	600000000	51.5'C	695452	0
2026-10-03T02:20:09+02:00	0x50005	600000000	52.1'C	696528	0
2026-10-03T02:20:15+02:00	0x50005	600000000	49.4'C	725324	0
2026-10-03T02:20:20+02:00	0x50000	700000000	48.3'C	725084	0
2026-10-03T02:20:25+02:00	0x50000	600000000	47.2'C	724832	0
2026-10-03T02:20:30+02:00	0x50000	600000000	47.2'C	724832	0
2026-10-03T02:20:35+02:00	0x50000	700000000	46.2'C	724832	0
2026-10-03T02:20:40+02:00	0x50000	600000000	45.6'C	725032	0
2026-10-03T02:20:45+02:00	0x50005	600000000	45.6'C	724804	0
2026-10-03T02:20:50+02:00	0x50000	600000000	45.1'C	727872	0
2026-10-03T02:20:55+02:00	0x50000	600000000	45.1'C	727620	0
2026-10-03T02:21:00+02:00	0x50000	600000000	45.1'C	727620	0
2026-10-03T02:21:05+02:00	0x50000	600000000	45.1'C	727620	0
2026-10-03T02:21:10+02:00	0x50000	600000000	44.5'C	727372	0
2026-10-03T02:21:15+02:00	0x50005	600000000	45.1'C	701164	0
2026-10-03T02:21:20+02:00	0x50005	600000000	45.1'C	696660	0
2026-10-03T02:21:26+02:00	0x50005	600000000	46.2'C	696660	0
2026-10-03T02:21:31+02:00	0x50005	600000000	46.2'C	696660	0
2026-10-03T02:21:36+02:00	0x50005	600000000	46.2'C	696608	0
2026-10-03T02:21:41+02:00	0x50005	600000000	46.2'C	696608	0
2026-10-03T02:21:46+02:00	0x50005	600000000	46.2'C	696352	0
2026-10-03T02:21:51+02:00	0x50005	600000000	46.2'C	695636	0
2026-10-03T02:21:56+02:00	0x50005	600000000	46.2'C	695636	0
2026-10-03T02:22:01+02:00	0x50005	600000000	46.2'C	695636	0
2026-10-03T02:22:06+02:00	0x50005	600000000	46.2'C	695412	0
2026-10-03T02:22:11+02:00	0x50005	600000000	46.2'C	695412	0
2026-10-03T02:22:16+02:00	0x50005	600000000	46.2'C	695388	0
2026-10-03T02:22:21+02:00	0x50005	600000000	46.2'C	694732	0
2026-10-03T02:22:26+02:00	0x50005	600000000	46.2'C	694732	0
2026-10-03T02:22:32+02:00	0x50005	600000000	46.2'C	694480	0
2026-10-03T02:22:37+02:00	0x50005	600000000	46.2'C	694428	0
2026-10-03T02:22:42+02:00	0x50005	600000000	46.2'C	694240	0
2026-10-03T02:22:47+02:00	0x50005	600000000	46.2'C	693988	0
2026-10-03T02:22:52+02:00	0x50005	600000000	46.2'C	693940	0
2026-10-03T02:22:57+02:00	0x50005	600000000	45.6'C	693500	0
2026-10-03T02:23:02+02:00	0x50005	600000000	46.2'C	693448	0
2026-10-03T02:23:07+02:00	0x50005	600000000	46.2'C	693448	0
2026-10-03T02:23:12+02:00	0x50005	600000000	46.7'C	693448	0
2026-10-03T02:23:17+02:00	0x50005	600000000	46.7'C	693448	0
2026-10-03T02:23:22+02:00	0x50005	600000000	46.2'C	693448	0
2026-10-03T02:23:27+02:00	0x50005	600000000	46.2'C	693448	0
2026-10-03T02:23:32+02:00	0x50005	600000000	46.2'C	693248	0
2026-10-03T02:23:38+02:00	0x50005	600000000	46.2'C	693500	0
2026-10-03T02:23:43+02:00	0x50005	600000000	46.2'C	693196	0
2026-10-03T02:23:48+02:00	0x50005	600000000	46.2'C	692996	0
2026-10-03T02:23:53+02:00	0x50005	600000000	45.6'C	693196	0
2026-10-03T02:23:58+02:00	0x50005	600000000	46.2'C	693248	0
2026-10-03T02:24:03+02:00	0x50005	600000000	46.2'C	693696	0
2026-10-03T02:24:08+02:00	0x50005	600000000	45.6'C	693760	0
2026-10-03T02:24:13+02:00	0x50005	600000000	46.2'C	693760	0
2026-10-03T02:24:18+02:00	0x50005	600000000	46.2'C	697900	0
2026-10-03T02:24:23+02:00	0x50005	600000000	46.2'C	697648	0
2026-10-03T02:24:28+02:00	0x50005	600000000	46.2'C	697648	0
2026-10-03T02:24:33+02:00	0x50005	600000000	46.2'C	697596	0
2026-10-03T02:24:38+02:00	0x50005	600000000	46.2'C	697660	0
2026-10-03T02:24:44+02:00	0x50005	600000000	46.2'C	697660	0
2026-10-03T02:24:49+02:00	0x50005	600000000	46.7'C	697660	0
2026-10-03T02:24:54+02:00	0x50005	600000000	46.2'C	697196	0
2026-10-03T02:24:59+02:00	0x50005	600000000	46.2'C	697196	0
2026-10-03T02:25:04+02:00	0x50005	600000000	47.2'C	697196	0
2026-10-03T02:25:09+02:00	0x50005	600000000	46.7'C	697196	0
2026-10-03T02:25:14+02:00	0x50005	600000000	46.2'C	696956	0
2026-10-03T02:25:19+02:00	0x50005	600000000	46.2'C	696956	0
2026-10-03T02:25:24+02:00	0x50005	600000000	46.2'C	696732	0
2026-10-03T02:25:29+02:00	0x50005	600000000	46.2'C	696732	0
2026-10-03T02:25:34+02:00	0x50005	600000000	46.2'C	696492	0
2026-10-03T02:25:39+02:00	0x50005	600000000	46.2'C	700632	0
2026-10-03T02:25:45+02:00	0x50005	600000000	46.2'C	700632	0
2026-10-03T02:25:50+02:00	0x50005	600000000	46.7'C	700632	0
2026-10-03T02:25:55+02:00	0x50000	1200000000	47.2'C	699652	0
2026-10-03T02:26:00+02:00	0x50005	600000000	47.2'C	699652	0
2026-10-03T02:26:05+02:00	0x50005	600000000	46.7'C	699652	0
2026-10-03T02:26:10+02:00	0x50005	600000000	47.2'C	699652	0
2026-10-03T02:26:15+02:00	0x50005	600000000	46.7'C	699652	0
2026-10-03T02:26:20+02:00	0x50005	600000000	46.2'C	699652	0
2026-10-03T02:26:25+02:00	0x50000	600000000	45.6'C	727236	0
2026-10-03T02:26:30+02:00	0x50000	600000000	44.5'C	726984	0
2026-10-03T02:26:35+02:00	0x50000	600000000	45.1'C	726480	0
2026-10-03T02:26:40+02:00	0x50000	600000000	44.5'C	726240	0
2026-10-03T02:26:45+02:00	0x50000	600000000	44.0'C	726240	0
2026-10-03T02:26:50+02:00	0x50000	600000000	44.0'C	726000	0
2026-10-03T02:26:56+02:00	0x50000	600000000	43.5'C	724912	0
2026-10-03T02:27:01+02:00	0x50005	600000000	42.9'C	724416	0
2026-10-03T02:27:06+02:00	0x50000	600000000	42.9'C	724176	0
2026-10-03T02:27:11+02:00	0x50000	700000000	43.5'C	723924	0
2026-10-03T02:27:16+02:00	0x50000	600000000	43.5'C	728092	0
